GID,P1,P2
GS1_1,NA,NA
GS1_2,NA,NA
GS1_3,NA,NA
GS1_4,NA,NA
GS1_5,NA,NA
GS1_6,NA,NA
GS1_7,NA,NA
GS1_8,NA,NA
GS1_9,NA,NA
GS1_10,NA,NA
GS1_11,NA,NA
GS1_12,NA,NA
GS1_13,NA,NA
GS1_14,NA,NA
GS1_15,NA,NA
GS1_16,NA,NA
GS1_17,NA,NA
GS1_18,NA,NA
GS1_19,NA,NA
GS1_20,NA,NA
GS1_21,NA,NA
GS1_22,NA,NA
GS1_23,NA,NA
GS1_24,NA,NA
GS1_25,NA,NA
GS1_26,NA,NA
GS1_27,NA,NA
GS1_28,NA,NA
GS1_29,NA,NA
GS1_30,NA,NA
GS1_31,NA,NA
GS1_32,NA,NA
GS1_33,NA,NA
GS1_34,NA,NA
GS1_35,NA,NA
GS1_36,NA,NA
GS1_37,NA,NA
GS1_38,NA,NA
GS1_39,NA,NA
GS1_40,NA,NA
GS1_41,NA,NA
GS1_42,NA,NA
GS1_43,NA,NA
GS1_44,NA,NA
GS1_45,NA,NA
GS1_46,NA,NA
GS1_47,NA,NA
GS1_48,NA,NA
GS1_49,NA,NA
GS1_50,NA,NA
GS1_51,NA,NA
GS1_52,NA,NA
GS1_53,NA,NA
GS1_54,NA,NA
GS1_55,NA,NA
GS1_56,NA,NA
GS1_57,NA,NA
GS1_58,NA,NA
GS1_59,NA,NA
GS1_60,NA,NA
GS1_61,NA,NA
GS1_62,NA,NA
GS1_63,NA,NA
GS1_64,NA,NA
GS1_65,NA,NA
GS1_66,NA,NA
GS1_67,NA,NA
GS1_68,NA,NA
GS1_69,NA,NA
GS1_70,NA,NA
GS1_71,NA,NA
GS1_72,NA,NA
GS1_73,NA,NA
GS1_74,NA,NA
GS1_75,NA,NA
GS1_76,NA,NA
GS1_77,NA,NA
GS1_78,NA,NA
GS1_79,NA,NA
GS1_80,NA,NA
GS1_81,NA,NA
GS1_82,NA,NA
GS1_83,NA,NA
GS1_84,NA,NA
GS1_85,NA,NA
GS1_86,NA,NA
GS1_87,NA,NA
GS1_88,NA,NA
GS1_89,NA,NA
GS1_90,NA,NA
GS1_91,NA,NA
GS1_92,NA,NA
GS1_93,NA,NA
GS1_94,NA,NA
GS1_95,NA,NA
GS1_96,NA,NA
GS1_97,NA,NA
GS1_98,NA,NA
GS1_99,NA,NA
GS1_100,NA,NA
GS1_101,NA,NA
GS1_102,NA,NA
GS1_103,NA,NA
GS1_104,NA,NA
GS1_105,NA,NA
GS1_106,NA,NA
GS1_107,NA,NA
GS1_108,NA,NA
GS1_109,NA,NA
GS1_110,NA,NA
GS1_111,NA,NA
GS1_112,NA,NA
GS1_113,NA,NA
GS1_114,NA,NA
GS1_115,NA,NA
GS1_116,NA,NA
GS1_117,NA,NA
GS1_118,NA,NA
GS1_119,NA,NA
GS1_120,NA,NA
GS1_121,NA,NA
GS1_122,NA,NA
GS1_123,NA,NA
GS1_124,NA,NA
GS1_125,NA,NA
GS1_126,NA,NA
GS1_127,NA,NA
GS1_128,NA,NA
GS1_129,NA,NA
GS1_130,NA,NA
GS1_131,NA,NA
GS1_132,NA,NA
GS1_133,NA,NA
GS1_134,NA,NA
GS1_135,NA,NA
GS1_136,NA,NA
GS1_137,NA,NA
GS1_138,NA,NA
GS1_139,NA,NA
GS1_140,NA,NA
GS1_141,NA,NA
GS1_142,NA,NA
GS1_143,NA,NA
GS1_144,NA,NA
GS1_145,NA,NA
GS1_146,NA,NA
GS1_147,NA,NA
GS1_148,NA,NA
GS1_149,NA,NA
GS1_150,NA,NA
GS1_151,NA,NA
GS1_152,NA,NA
GS1_153,NA,NA
GS1_154,NA,NA
GS1_155,NA,NA
GS1_156,NA,NA
GS1_157,NA,NA
GS1_158,NA,NA
GS1_159,NA,NA
GS1_160,NA,NA
GS1_161,NA,NA
GS1_162,NA,NA
GS1_163,NA,NA
GS1_164,NA,NA
GS1_165,NA,NA
GS1_166,NA,NA
GS1_167,NA,NA
GS1_168,NA,NA
GS1_169,NA,NA
GS1_170,NA,NA
GS1_171,NA,NA
GS1_172,NA,NA
GS1_173,NA,NA
GS1_174,NA,NA
GS1_175,NA,NA
GS1_176,NA,NA
GS1_177,NA,NA
GS1_178,NA,NA
GS1_179,NA,NA
GS1_180,NA,NA
GS1_181,NA,NA
GS1_182,NA,NA
GS1_183,NA,NA
GS1_184,NA,NA
GS1_185,NA,NA
GS1_186,NA,NA
GS1_187,NA,NA
GS1_188,NA,NA
GS1_189,NA,NA
GS2.1_1,GS1_96,NA
GS2.1_2,GS1_28,NA
GS2.1_3,GS1_9,NA
GS2.1_4,GS1_71,NA
GS2.1_5,GS1_13,NA
GS2.1_6,GS1_9,NA
GS2.1_7,GS1_28,NA
GS2.1_8,GS1_89,NA
GS2.1_9,GS1_71,NA
GS2.1_10,GS1_167,NA
GS2.1_11,GS1_54,NA
GS2.1_12,GS1_42,NA
GS2.1_13,GS1_167,NA
GS2.1_14,GS1_97,NA
GS2.1_15,GS1_140,NA
GS2.1_16,GS1_96,NA
GS2.1_17,GS1_26,NA
GS2.1_18,GS1_179,NA
GS2.1_19,GS1_179,NA
GS2.1_20,GS1_96,NA
GS2.1_21,GS1_56,NA
GS2.1_22,GS1_54,NA
GS2.1_23,GS1_54,NA
GS2.1_24,GS1_13,NA
GS2.1_25,GS1_42,NA
GS2.1_26,GS1_101,NA
GS2.1_27,GS1_89,NA
GS2.1_28,GS1_179,NA
GS2.1_29,GS1_140,NA
GS2.1_30,GS1_28,NA
GS2.1_31,GS1_101,NA
GS2.1_32,GS1_26,NA
GS2.1_33,GS1_91,NA
GS2.1_34,GS1_101,NA
GS2.1_35,GS1_28,NA
GS2.1_36,GS1_71,NA
GS2.1_37,GS1_79,NA
GS2.1_38,GS1_140,NA
GS2.1_39,GS1_79,NA
GS2.1_40,GS1_56,NA
GS2.1_41,GS1_89,NA
GS2.1_42,GS1_96,NA
GS2.1_43,GS1_79,NA
GS2.1_44,GS1_69,NA
GS2.1_45,GS1_97,NA
GS2.1_46,GS1_167,NA
GS2.1_47,GS1_28,NA
GS2.1_48,GS1_26,NA
GS2.1_49,GS1_56,NA
GS2.1_50,GS1_91,NA
GS2.1_51,GS1_16,NA
GS2.1_52,GS1_56,NA
GS2.1_53,GS1_13,NA
GS2.1_54,GS1_69,NA
GS2.1_55,GS1_79,NA
GS2.1_56,GS1_26,NA
GS2.1_57,GS1_9,NA
GS2.1_58,GS1_16,NA
GS2.1_59,GS1_179,NA
GS2.1_60,GS1_56,NA
GS2.1_61,GS1_179,NA
GS2.1_62,GS1_91,NA
GS2.1_63,GS1_179,NA
GS2.1_64,GS1_16,NA
GS2.1_65,GS1_79,NA
GS2.1_66,GS1_58,NA
GS2.1_67,GS1_91,NA
GS2.1_68,GS1_13,NA
GS2.1_69,GS1_9,NA
GS2.1_70,GS1_96,NA
GS2.1_71,GS1_58,NA
GS2.1_72,GS1_69,NA
GS2.1_73,GS1_96,NA
GS2.1_74,GS1_26,NA
GS2.1_75,GS1_42,NA
GS2.1_76,GS1_96,NA
GS2.1_77,GS1_97,NA
GS2.1_78,GS1_179,NA
GS2.1_79,GS1_16,NA
GS2.1_80,GS1_101,NA
GS2.1_81,GS1_69,NA
GS2.1_82,GS1_13,NA
GS2.1_83,GS1_9,NA
GS2.1_84,GS1_89,NA
GS2.1_85,GS1_26,NA
GS2.1_86,GS1_16,NA
GS2.1_87,GS1_28,NA
GS2.1_88,GS1_54,NA
GS2.1_89,GS1_97,NA
GS2.1_90,GS1_42,NA
GS2.1_91,GS1_16,NA
GS2.1_92,GS1_58,NA
GS2.1_93,GS1_179,NA
GS2.1_94,GS1_179,NA
GS2.1_95,GS1_42,NA
GS2.1_96,GS1_42,NA
GS2.1_97,GS1_101,NA
GS2.1_98,GS1_26,NA
GS2.1_99,GS1_54,NA
GS2.1_100,GS1_56,NA
GS2.1_101,GS1_69,NA
GS2.1_102,GS1_101,NA
GS2.1_103,GS1_58,NA
GS2.1_104,GS1_13,NA
GS2.1_105,GS1_13,NA
GS2.1_106,GS1_42,NA
GS2.1_107,GS1_69,NA
GS2.1_108,GS1_69,NA
GS2.1_109,GS1_9,NA
GS2.1_110,GS1_28,NA
GS2.1_111,GS1_26,NA
GS2.1_112,GS1_28,NA
GS2.1_113,GS1_96,NA
GS2.1_114,GS1_13,NA
GS2.1_115,GS1_91,NA
GS2.1_116,GS1_28,NA
GS2.1_117,GS1_69,NA
GS2.1_118,GS1_54,NA
GS2.1_119,GS1_16,NA
GS2.1_120,GS1_58,NA
GS2.1_121,GS1_167,NA
GS2.1_122,GS1_167,NA
GS2.1_123,GS1_42,NA
GS2.1_124,GS1_54,NA
GS2.1_125,GS1_91,NA
GS2.1_126,GS1_167,NA
GS2.1_127,GS1_89,NA
GS2.1_128,GS1_16,NA
GS2.1_129,GS1_16,NA
GS2.1_130,GS1_91,NA
GS2.1_131,GS1_56,NA
GS2.1_132,GS1_101,NA
GS2.1_133,GS1_101,NA
GS2.1_134,GS1_58,NA
GS2.1_135,GS1_9,NA
GS2.1_136,GS1_140,NA
GS2.1_137,GS1_56,NA
GS2.1_138,GS1_89,NA
GS2.1_139,GS1_89,NA
GS2.1_140,GS1_28,NA
GS2.1_141,GS1_140,NA
GS2.1_142,GS1_89,NA
GS2.1_143,GS1_71,NA
GS2.1_144,GS1_91,NA
GS2.1_145,GS1_26,NA
GS2.1_146,GS1_42,NA
GS2.1_147,GS1_71,NA
GS2.1_148,GS1_54,NA
GS2.1_149,GS1_79,NA
GS2.1_150,GS1_58,NA
GS2.1_151,GS1_71,NA
GS2.1_152,GS1_179,NA
GS2.1_153,GS1_97,NA
GS2.1_154,GS1_97,NA
GS2.1_155,GS1_79,NA
GS2.1_156,GS1_89,NA
GS2.1_157,GS1_101,NA
GS2.1_158,GS1_97,NA
GS2.1_159,GS1_89,NA
GS2.1_160,GS1_58,NA
GS2.1_161,GS1_91,NA
GS2.1_162,GS1_71,NA
GS2.1_163,GS1_167,NA
GS2.1_164,GS1_9,NA
GS2.1_165,GS1_79,NA
GS2.1_166,GS1_79,NA
GS2.1_167,GS1_56,NA
GS2.1_168,GS1_13,NA
GS2.1_169,GS1_91,NA
GS2.1_170,GS1_96,NA
GS2.1_171,GS1_71,NA
GS2.1_172,GS1_71,NA
GS2.1_173,GS1_69,NA
GS2.1_174,GS1_97,NA
GS2.1_175,GS1_96,NA
GS2.1_176,GS1_167,NA
GS2.1_177,GS1_79,NA
GS2.1_178,GS1_58,NA
GS2.1_179,GS1_56,NA
GS2.1_180,GS1_26,NA
GS2.1_181,GS1_140,NA
GS2.1_182,GS1_167,NA
GS2.1_183,GS1_9,NA
GS2.1_184,GS1_101,NA
GS2.1_185,GS1_13,NA
GS2.1_186,GS1_9,NA
GS2.1_187,GS1_16,NA
GS2.1_188,GS1_69,NA
GS2.1_189,GS1_97,NA
GS2.1_190,GS1_42,NA
GS2.1_191,GS1_71,NA
GS2.1_192,GS1_140,NA
GS2.1_193,GS1_167,NA
GS2.1_194,GS1_58,NA
GS2.1_195,GS1_140,NA
GS2.1_196,GS1_140,NA
GS2.1_197,GS1_54,NA
GS2.1_198,GS1_97,NA
GS2.1_199,GS1_140,NA
GS2.1_200,GS1_54,NA
GS3.1_1,GS2.1_108,NA
GS3.1_2,GS2.1_115,NA
GS3.1_3,GS2.1_112,NA
GS3.1_4,GS2.1_115,NA
GS3.1_5,GS2.1_159,NA
GS3.1_6,GS2.1_34,NA
GS3.1_7,GS2.1_31,NA
GS3.1_8,GS2.1_41,NA
GS3.1_9,GS2.1_25,NA
GS3.1_10,GS2.1_77,NA
GS3.1_11,GS2.1_25,NA
GS3.1_12,GS2.1_152,NA
GS3.1_13,GS2.1_77,NA
GS3.1_14,GS2.1_63,NA
GS3.1_15,GS2.1_185,NA
GS3.1_16,GS2.1_72,NA
GS3.1_17,GS2.1_43,NA
GS3.1_18,GS2.1_34,NA
GS3.1_19,GS2.1_41,NA
GS3.1_20,GS2.1_77,NA
GS3.1_21,GS2.1_43,NA
GS3.1_22,GS2.1_97,NA
GS3.1_23,GS2.1_152,NA
GS3.1_24,GS2.1_31,NA
GS3.1_25,GS2.1_4,NA
GS3.1_26,GS2.1_105,NA
GS3.1_27,GS2.1_21,NA
GS3.1_28,GS2.1_63,NA
GS3.1_29,GS2.1_185,NA
GS3.1_30,GS2.1_34,NA
GS3.1_31,GS2.1_108,NA
GS3.1_32,GS2.1_105,NA
GS3.1_33,GS2.1_71,NA
GS3.1_34,GS2.1_4,NA
GS3.1_35,GS2.1_188,NA
GS3.1_36,GS2.1_25,NA
GS3.1_37,GS2.1_105,NA
GS3.1_38,GS2.1_97,NA
GS3.1_39,GS2.1_21,NA
GS3.1_40,GS2.1_185,NA
GS3.1_41,GS2.1_152,NA
GS3.1_42,GS2.1_77,NA
GS3.1_43,GS2.1_4,NA
GS3.1_44,GS2.1_64,NA
GS3.1_45,GS2.1_21,NA
GS3.1_46,GS2.1_21,NA
GS3.1_47,GS2.1_152,NA
GS3.1_48,GS2.1_34,NA
GS3.1_49,GS2.1_188,NA
GS3.1_50,GS2.1_97,NA
GS3.1_51,GS2.1_72,NA
GS3.1_52,GS2.1_155,NA
GS3.1_53,GS2.1_64,NA
GS3.1_54,GS2.1_4,NA
GS3.1_55,GS2.1_31,NA
GS3.1_56,GS2.1_41,NA
GS3.1_57,GS2.1_72,NA
GS3.1_58,GS2.1_152,NA
GS3.1_59,GS2.1_72,NA
GS3.1_60,GS2.1_21,NA
GS3.1_61,GS2.1_185,NA
GS3.1_62,GS2.1_21,NA
GS3.1_63,GS2.1_112,NA
GS3.1_64,GS2.1_41,NA
GS3.1_65,GS2.1_43,NA
GS3.1_66,GS2.1_155,NA
GS3.1_67,GS2.1_105,NA
GS3.1_68,GS2.1_97,NA
GS3.1_69,GS2.1_64,NA
GS3.1_70,GS2.1_77,NA
GS3.1_71,GS2.1_112,NA
GS3.1_72,GS2.1_185,NA
GS3.1_73,GS2.1_112,NA
GS3.1_74,GS2.1_41,NA
GS3.1_75,GS2.1_105,NA
GS3.1_76,GS2.1_152,NA
GS3.1_77,GS2.1_159,NA
GS3.1_78,GS2.1_43,NA
GS3.1_79,GS2.1_105,NA
GS3.1_80,GS2.1_31,NA
GS3.1_81,GS2.1_63,NA
GS3.1_82,GS2.1_4,NA
GS3.1_83,GS2.1_77,NA
GS3.1_84,GS2.1_152,NA
GS3.1_85,GS2.1_77,NA
GS3.1_86,GS2.1_108,NA
GS3.1_87,GS2.1_152,NA
GS3.1_88,GS2.1_21,NA
GS3.1_89,GS2.1_97,NA
GS3.1_90,GS2.1_188,NA
GS3.1_91,GS2.1_152,NA
GS3.1_92,GS2.1_155,NA
GS3.1_93,GS2.1_71,NA
GS3.1_94,GS2.1_4,NA
GS3.1_95,GS2.1_97,NA
GS3.1_96,GS2.1_25,NA
GS3.1_97,GS2.1_108,NA
GS3.1_98,GS2.1_25,NA
GS3.1_99,GS2.1_115,NA
GS3.1_100,GS2.1_34,NA
GS3.1_101,GS2.1_4,NA
GS3.1_102,GS2.1_112,NA
GS3.1_103,GS2.1_64,NA
GS3.1_104,GS2.1_4,NA
GS3.1_105,GS2.1_152,NA
GS3.1_106,GS2.1_43,NA
GS3.1_107,GS2.1_63,NA
GS3.1_108,GS2.1_72,NA
GS3.1_109,GS2.1_188,NA
GS3.1_110,GS2.1_21,NA
GS3.1_111,GS2.1_185,NA
GS3.1_112,GS2.1_155,NA
GS3.1_113,GS2.1_112,NA
GS3.1_114,GS2.1_71,NA
GS3.1_115,GS2.1_159,NA
GS3.1_116,GS2.1_155,NA
GS3.1_117,GS2.1_77,NA
GS3.1_118,GS2.1_77,NA
GS3.1_119,GS2.1_185,NA
GS3.1_120,GS2.1_71,NA
GS3.1_121,GS2.1_71,NA
GS3.1_122,GS2.1_115,NA
GS3.1_123,GS2.1_64,NA
GS3.1_124,GS2.1_188,NA
GS3.1_125,GS2.1_108,NA
GS3.1_126,GS2.1_72,NA
GS3.1_127,GS2.1_112,NA
GS3.1_128,GS2.1_108,NA
GS3.1_129,GS2.1_108,NA
GS3.1_130,GS2.1_188,NA
GS3.1_131,GS2.1_34,NA
GS3.1_132,GS2.1_41,NA
GS3.1_133,GS2.1_64,NA
GS3.1_134,GS2.1_41,NA
GS3.1_135,GS2.1_105,NA
GS3.1_136,GS2.1_188,NA
GS3.1_137,GS2.1_34,NA
GS3.1_138,GS2.1_21,NA
GS3.1_139,GS2.1_155,NA
GS3.1_140,GS2.1_77,NA
GS3.1_141,GS2.1_115,NA
GS3.1_142,GS2.1_71,NA
GS3.1_143,GS2.1_155,NA
GS3.1_144,GS2.1_155,NA
GS3.1_145,GS2.1_72,NA
GS3.1_146,GS2.1_25,NA
GS3.1_147,GS2.1_41,NA
GS3.1_148,GS2.1_188,NA
GS3.1_149,GS2.1_185,NA
GS3.1_150,GS2.1_72,NA
GS3.1_151,GS2.1_43,NA
GS3.1_152,GS2.1_159,NA
GS3.1_153,GS2.1_155,NA
GS3.1_154,GS2.1_77,NA
GS3.1_155,GS2.1_105,NA
GS3.1_156,GS2.1_41,NA
GS3.1_157,GS2.1_159,NA
GS3.1_158,GS2.1_115,NA
GS3.1_159,GS2.1_34,NA
GS3.1_160,GS2.1_152,NA
GS3.1_161,GS2.1_152,NA
GS3.1_162,GS2.1_71,NA
GS3.1_163,GS2.1_71,NA
GS3.1_164,GS2.1_64,NA
GS3.1_165,GS2.1_97,NA
GS3.1_166,GS2.1_188,NA
GS3.1_167,GS2.1_43,NA
GS3.1_168,GS2.1_115,NA
GS3.1_169,GS2.1_41,NA
GS3.1_170,GS2.1_64,NA
GS3.1_171,GS2.1_108,NA
GS3.1_172,GS2.1_108,NA
GS3.1_173,GS2.1_115,NA
GS3.1_174,GS2.1_63,NA
GS3.1_175,GS2.1_43,NA
GS3.1_176,GS2.1_115,NA
GS3.1_177,GS2.1_63,NA
GS3.1_178,GS2.1_25,NA
GS3.1_179,GS2.1_159,NA
GS3.1_180,GS2.1_72,NA
GS3.1_181,GS2.1_21,NA
GS3.1_182,GS2.1_63,NA
GS3.1_183,GS2.1_155,NA
GS3.1_184,GS2.1_31,NA
GS3.1_185,GS2.1_115,NA
GS3.1_186,GS2.1_31,NA
GS3.1_187,GS2.1_155,NA
GS3.1_188,GS2.1_31,NA
GS3.1_189,GS2.1_41,NA
GS3.1_190,GS2.1_108,NA
GS3.1_191,GS2.1_185,NA
GS3.1_192,GS2.1_41,NA
GS3.1_193,GS2.1_185,NA
GS3.1_194,GS2.1_185,NA
GS3.1_195,GS2.1_43,NA
GS3.1_196,GS2.1_34,NA
GS3.1_197,GS2.1_108,NA
GS3.1_198,GS2.1_64,NA
GS3.1_199,GS2.1_31,NA
GS3.1_200,GS2.1_72,NA
GS3.1_201,GS2.1_4,NA
GS3.1_202,GS2.1_112,NA
GS3.1_203,GS2.1_34,NA
GS3.1_204,GS2.1_21,NA
GS3.1_205,GS2.1_71,NA
GS3.1_206,GS2.1_64,NA
GS3.1_207,GS2.1_155,NA
GS3.1_208,GS2.1_159,NA
GS3.1_209,GS2.1_72,NA
GS3.1_210,GS2.1_115,NA
GS3.1_211,GS2.1_72,NA
GS3.1_212,GS2.1_34,NA
GS3.1_213,GS2.1_34,NA
GS3.1_214,GS2.1_152,NA
GS3.1_215,GS2.1_71,NA
GS3.1_216,GS2.1_105,NA
GS3.1_217,GS2.1_105,NA
GS3.1_218,GS2.1_41,NA
GS3.1_219,GS2.1_43,NA
GS3.1_220,GS2.1_64,NA
GS3.1_221,GS2.1_115,NA
GS3.1_222,GS2.1_4,NA
GS3.1_223,GS2.1_63,NA
GS3.1_224,GS2.1_97,NA
GS3.1_225,GS2.1_43,NA
GS3.1_226,GS2.1_155,NA
GS3.1_227,GS2.1_25,NA
GS3.1_228,GS2.1_97,NA
GS3.1_229,GS2.1_112,NA
GS3.1_230,GS2.1_159,NA
GS3.1_231,GS2.1_71,NA
GS3.1_232,GS2.1_71,NA
GS3.1_233,GS2.1_188,NA
GS3.1_234,GS2.1_97,NA
GS3.1_235,GS2.1_159,NA
GS3.1_236,GS2.1_25,NA
GS3.1_237,GS2.1_112,NA
GS3.1_238,GS2.1_71,NA
GS3.1_239,GS2.1_41,NA
GS3.1_240,GS2.1_25,NA
GS3.1_241,GS2.1_108,NA
GS3.1_242,GS2.1_43,NA
GS3.1_243,GS2.1_31,NA
GS3.1_244,GS2.1_112,NA
GS3.1_245,GS2.1_72,NA
GS3.1_246,GS2.1_112,NA
GS3.1_247,GS2.1_63,NA
GS3.1_248,GS2.1_188,NA
GS3.1_249,GS2.1_63,NA
GS3.1_250,GS2.1_105,NA
GS3.1_251,GS2.1_63,NA
GS3.1_252,GS2.1_105,NA
GS3.1_253,GS2.1_64,NA
GS3.1_254,GS2.1_64,NA
GS3.1_255,GS2.1_105,NA
GS3.1_256,GS2.1_108,NA
GS3.1_257,GS2.1_97,NA
GS3.1_258,GS2.1_31,NA
GS3.1_259,GS2.1_31,NA
GS3.1_260,GS2.1_77,NA
GS3.1_261,GS2.1_152,NA
GS3.1_262,GS2.1_25,NA
GS3.1_263,GS2.1_4,NA
GS3.1_264,GS2.1_21,NA
GS3.1_265,GS2.1_159,NA
GS3.1_266,GS2.1_77,NA
GS3.1_267,GS2.1_188,NA
GS3.1_268,GS2.1_43,NA
GS3.1_269,GS2.1_185,NA
GS3.1_270,GS2.1_97,NA
GS3.1_271,GS2.1_25,NA
GS3.1_272,GS2.1_188,NA
GS3.1_273,GS2.1_97,NA
GS3.1_274,GS2.1_31,NA
GS3.1_275,GS2.1_159,NA
GS3.1_276,GS2.1_25,NA
GS3.1_277,GS2.1_112,NA
GS3.1_278,GS2.1_63,NA
GS3.1_279,GS2.1_115,NA
GS3.1_280,GS2.1_108,NA
GS3.1_281,GS2.1_63,NA
GS3.1_282,GS2.1_4,NA
GS3.1_283,GS2.1_97,NA
GS3.1_284,GS2.1_64,NA
GS3.1_285,GS2.1_34,NA
GS3.1_286,GS2.1_21,NA
GS3.1_287,GS2.1_71,NA
GS3.1_288,GS2.1_188,NA
GS3.1_289,GS2.1_77,NA
GS3.1_290,GS2.1_4,NA
GS3.1_291,GS2.1_159,NA
GS3.1_292,GS2.1_43,NA
GS3.1_293,GS2.1_155,NA
GS3.1_294,GS2.1_185,NA
GS3.1_295,GS2.1_159,NA
GS3.1_296,GS2.1_72,NA
GS3.1_297,GS2.1_105,NA
GS3.1_298,GS2.1_4,NA
GS3.1_299,GS2.1_31,NA
GS3.1_300,GS2.1_34,NA
GS3.1_301,GS2.1_112,NA
GS3.1_302,GS2.1_25,NA
GS3.1_303,GS2.1_159,NA
GS3.1_304,GS2.1_21,NA
GS3.1_305,GS2.1_185,NA
GS3.1_306,GS2.1_115,NA
GS3.1_307,GS2.1_31,NA
GS3.1_308,GS2.1_63,NA
GS4_79,GS3.1_107,NA
GS4_80,GS3.1_107,NA
GS4_39,GS3.1_107,NA
GS4_9,GS3.1_107,NA
GS4_71,GS3.1_107,NA
GS4_124,GS3.1_107,NA
GS4_46,GS3.1_107,NA
GS4_152,GS3.1_107,NA
GS4_116,GS3.1_107,NA
GS4_169,GS3.1_107,NA
GS4_153,GS3.1_107,NA
GS4_87,GS3.1_59,NA
GS4_158,GS3.1_13,NA
GS4_138,GS3.1_13,NA
GS4_40,GS3.1_13,NA
GS4_168,GS3.1_13,NA
GS4_82,GS3.1_13,NA
GS4_18,GS3.1_13,NA
GS4_144,GS3.1_13,NA
GS4_21,GS3.1_13,NA
GS4_157,GS3.1_13,NA
GS4_123,GS3.1_13,NA
GS4_88,GS3.1_13,NA
GS4_140,GS3.1_132,NA
GS4_126,GS3.1_132,NA
GS4_164,GS3.1_132,NA
GS4_118,GS3.1_132,NA
GS4_14,GS3.1_132,NA
GS4_91,GS3.1_132,NA
GS4_111,GS3.1_132,NA
GS4_96,GS3.1_132,NA
GS4_165,GS3.1_132,NA
GS4_105,GS3.1_132,NA
GS4_113,GS3.1_132,NA
GS4_85,GS3.1_132,NA
GS4_117,GS3.1_153,NA
GS4_176,GS3.1_153,NA
GS4_189,GS3.1_153,NA
GS4_155,GS3.1_153,NA
GS4_133,GS3.1_153,NA
GS4_185,GS3.1_153,NA
GS4_128,GS3.1_153,NA
GS4_16,GS3.1_153,NA
GS4_127,GS3.1_153,NA
GS4_10,GS3.1_153,NA
GS4_109,GS3.1_153,NA
GS4_29,GS3.1_153,NA
GS4_45,GS3.1_155,NA
GS4_130,GS3.1_155,NA
GS4_172,GS3.1_155,NA
GS4_94,GS3.1_155,NA
GS4_143,GS3.1_155,NA
GS4_23,GS3.1_155,NA
GS4_50,GS3.1_155,NA
GS4_15,GS3.1_155,NA
GS4_174,GS3.1_155,NA
GS4_115,GS3.1_155,NA
GS4_56,GS3.1_155,NA
GS4_83,GS3.1_155,NA
GS4_61,GS3.1_160,NA
GS4_59,GS3.1_160,NA
GS4_183,GS3.1_160,NA
GS4_101,GS3.1_160,NA
GS4_112,GS3.1_160,NA
GS4_106,GS3.1_160,NA
GS4_78,GS3.1_160,NA
GS4_141,GS3.1_19,NA
GS4_178,GS3.1_19,NA
GS4_170,GS3.1_19,NA
GS4_43,GS3.1_19,NA
GS4_182,GS3.1_19,NA
GS4_17,GS3.1_19,NA
GS4_90,GS3.1_19,NA
GS4_160,GS3.1_19,NA
GS4_70,GS3.1_19,NA
GS4_190,GS3.1_19,NA
GS4_166,GS3.1_19,NA
GS4_135,GS3.1_19,NA
GS4_52,GS3.1_19,NA
GS4_151,GS3.1_19,NA
GS4_27,GS3.1_19,NA
GS4_171,GS3.1_19,NA
GS4_54,GS3.1_19,NA
GS4_107,GS3.1_41,NA
GS4_132,GS3.1_41,NA
GS4_139,GS3.1_41,NA
GS4_125,GS3.1_41,NA
GS4_145,GS3.1_41,NA
GS4_184,GS3.1_41,NA
GS4_97,GS3.1_41,NA
GS4_65,GS3.1_41,NA
GS4_148,GS3.1_41,NA
GS4_187,GS3.1_41,NA
GS4_99,GS3.1_41,NA
GS4_188,GS3.1_41,NA
GS4_7,GS3.1_45,NA
GS4_108,GS3.1_45,NA
GS4_103,GS3.1_45,NA
GS4_134,GS3.1_45,NA
GS4_44,GS3.1_45,NA
GS4_11,GS3.1_45,NA
GS4_136,GS3.1_45,NA
GS4_1,GS3.1_45,NA
GS4_175,GS3.1_45,NA
GS4_64,GS3.1_45,NA
GS4_38,GS3.1_45,NA
GS4_147,GS3.1_45,NA
GS4_47,GS3.1_46,NA
GS4_120,GS3.1_46,NA
GS4_49,GS3.1_46,NA
GS4_67,GS3.1_46,NA
GS4_19,GS3.1_46,NA
GS4_131,GS3.1_46,NA
GS4_25,GS3.1_46,NA
GS4_4,GS3.1_46,NA
GS4_77,GS3.1_46,NA
GS4_137,GS3.1_46,NA
GS4_121,GS3.1_46,NA
GS4_110,GS3.1_46,NA
GS4_68,GS3.1_51,NA
GS4_6,GS3.1_51,NA
GS4_63,GS3.1_51,NA
GS4_57,GS3.1_51,NA
GS4_98,GS3.1_51,NA
GS4_89,GS3.1_45,NA
GS4_75,GS3.1_45,NA
GS4_8,GS3.1_45,NA
GS4_32,GS3.1_41,NA
GS4_119,GS3.1_41,NA
GS4_28,GS3.1_13,NA
GS4_74,GS3.1_59,NA
GS4_12,GS3.1_59,NA
GS4_173,GS3.1_59,NA
GS4_154,GS3.1_59,NA
GS4_42,GS3.1_59,NA
GS4_186,GS3.1_59,NA
GS4_167,GS3.1_59,NA
GS4_31,GS3.1_59,NA
GS4_93,GS3.1_59,NA
GS4_114,GS3.1_59,NA
GS4_36,GS3.1_59,NA
GS4_3,GS3.1_59,NA
GS4_60,GS3.1_60,NA
GS4_34,GS3.1_60,NA
GS4_20,GS3.1_60,NA
GS4_149,GS3.1_60,NA
GS4_51,GS3.1_60,NA
GS4_81,GS3.1_60,NA
GS4_129,GS3.1_60,NA
GS4_102,GS3.1_60,NA
GS4_163,GS3.1_13,NA
GS4_13,GS3.1_13,NA
GS4_162,GS3.1_13,NA
GS4_5,GS3.1_155,NA
GS4_53,GS3.1_62,NA
GS4_73,GS3.1_62,NA
GS4_161,GS3.1_62,NA
GS4_33,GS3.1_62,NA
GS4_69,GS3.1_62,NA
GS4_22,GS3.1_62,NA
GS4_146,GS3.1_62,NA
GS4_181,GS3.1_62,NA
GS4_100,GS3.1_62,NA
GS4_26,GS3.1_62,NA
GS4_76,GS3.1_62,NA
GS4_62,GS3.1_59,NA
GS4_92,GS3.1_74,NA
GS4_55,GS3.1_74,NA
GS4_150,GS3.1_74,NA
GS4_30,GS3.1_74,NA
GS4_177,GS3.1_74,NA
GS4_41,GS3.1_74,NA
GS4_37,GS3.1_74,NA
GS4_156,GS3.1_74,NA
GS4_35,GS3.1_74,NA
GS4_122,GS3.1_74,NA
GS4_2,GS3.1_74,NA
GS4_159,GS3.1_59,NA
GS4_180,GS3.1_90,NA
GS4_66,GS3.1_90,NA
GS4_48,GS3.1_90,NA
GS4_104,GS3.1_90,NA
GS4_86,GS3.1_90,NA
GS4_179,GS3.1_90,NA
GS4_142,GS3.1_90,NA
GS4_58,GS3.1_90,NA
GS4_95,GS3.1_90,NA
GS4_84,GS3.1_153,NA
GS4_24,GS3.1_153,NA
GS4_72,GS3.1_153,NA
